code,name,market,market_cap,sector_krx,sector_override,sector_display,sector_kis,sector_kis_lcls
005930,삼성전자,KOSPI,1521494000000000,전기·전자,,전기·전자,"전기,전자","전기,전자"
000660,SK하이닉스,KOSPI,1236723600000000,전기·전자,,전기·전자,"전기,전자","전기,전자"
402340,SK스퀘어,KOSPI,137332900000000,기타금융,,기타금융,기타 금융업,기타 금융업
009150,삼성전기,KOSPI,104421800000000,전기·전자,,전기·전자,"전기,전자","전기,전자"
373220,LG에너지솔루션,KOSPI,85410000000000,전기·전자,,전기·전자,일차전지 및 축전지 제조업,일차전지 및 축전지 제조업
005380,현대차,KOSPI,82107900000000,운송장비·부품,,운송장비·부품,운수장비,운수장비
207940,삼성바이오로직스,KOSPI,69482700000000,제약,,제약,기초 의약물질 및 생물학적 제제 제조업,기초 의약물질 및 생물학적 제제 제조업
032830,삼성생명,KOSPI,60200000000000,보험,,보험,보험업,보험업
028260,삼성물산,KOSPI,59839800000000,유통,,유통,기타 전문 도매업,기타 전문 도매업
105560,KB금융,KOSPI,59126400000000,기타금융,,기타금융,금융업,금융업
012450,한화에어로스페이스,KOSPI,58318200000000,운송장비·부품,,운송장비·부품,의료정밀,의료정밀
034020,두산에너빌리티,KOSPI,55088300000000,기계·장비,,기계·장비,기계,기계
055550,신한지주,KOSPI,50794500000000,기타금융,,기타금융,금융업,금융업
329180,HD현대중공업,KOSPI,49384300000000,운송장비·부품,,운송장비·부품,선박 및 보트 건조업,선박 및 보트 건조업
006400,삼성SDI,KOSPI,46175500000000,전기·전자,,전기·전자,"전기,전자","전기,전자"
068270,셀트리온,KOSPI,43941400000000,제약,,제약,증권,기초 의약물질 및 생물학적 제제 제조업
012330,현대모비스,KOSPI,40598900000000,운송장비·부품,,운송장비·부품,운수장비,운수장비
034730,SK,KOSPI,39006500000000,기타금융,,기타금융,기타 금융업,기타 금융업
086790,하나금융지주,KOSPI,36408600000000,기타금융,,기타금융,금융업,금융업
035420,NAVER,KOSPI,34293200000000,IT 서비스,,IT 서비스,서비스업,서비스업
010120,LS ELECTRIC,KOSPI,32850000000000,전기·전자,,전기·전자,"전기,전자","전기,전자"
066570,LG전자,KOSPI,32202300000000,전기·전자,,전기·전자,"전기,전자","전기,전자"
267260,HD현대일렉트릭,KOSPI,29883100000000,전기·전자,,전기·전자,"전동기, 발전기 및 전기 변환 · 공급 · 제어 장치 제조업","전동기, 발전기 및 전기 변환 · 공급 · 제어 장치 제조업"
000810,삼성화재,KOSPI,29779900000000,보험,,보험,금융업,보험
298040,효성중공업,KOSPI,29661400000000,전기·전자,,전기·전자,"전동기, 발전기 및 전기 변환 · 공급 · 제어 장치 제조업","전동기, 발전기 및 전기 변환 · 공급 · 제어 장치 제조업"
010130,고려아연,KOSPI,28303700000000,금속,,금속,철강및금속,철강및금속
042660,한화오션,KOSPI,27301400000000,운송장비·부품,,운송장비·부품,운수장비,운수장비
005490,POSCO홀딩스,KOSPI,26625200000000,금속,,금속,철강및금속,철강및금속
009540,HD한국조선해양,KOSPI,25407500000000,기타금융,,기타금융,운수장비,운수장비
316140,우리금융지주,KOSPI,24027000000000,기타금융,,기타금융,기타 금융업,기타 금융업
017670,SK텔레콤,KOSPI,21457500000000,통신,,통신,통신업,통신업
196170,알테오젠,KOSDAQ,21349300000000,일반서비스,,일반서비스,자연과학 및 공학 연구개발업,자연과학 및 공학 연구개발업
042700,한미반도체,KOSPI,20539800000000,기계·장비,,기계·장비,기계,기계
011200,HMM,KOSPI,20091000000000,운송·창고,,운송·창고,운수창고,운수창고
138040,메리츠금융지주,KOSPI,19914300000000,기타금융,,기타금융,기타 금융업,기타 금융업
000150,두산,KOSPI,19594500000000,기타금융,,기타금융,음식료품,음식료품
051910,LG화학,KOSPI,19412900000000,화학,,화학,화학,화학
096770,SK이노베이션,KOSPI,19373400000000,화학,,화학,화학,화학
018260,삼성에스디에스,KOSPI,18957600000000,IT 서비스,,IT 서비스,보험,"컴퓨터 프로그래밍, 시스템 통합 및 관리업"
010140,삼성중공업,KOSPI,18722000000000,운송장비·부품,,운송장비·부품,운수장비,운수장비
033780,KT&G,KOSPI,17959200000000,음식료·담배,,음식료·담배,담배 제조업,담배 제조업
003550,LG,KOSPI,17326600000000,기타금융,,기타금융,서비스업,서비스업
267250,HD현대,KOSPI,17220500000000,기타금융,,기타금융,기타 금융업,기타 금융업
278470,에이피알,KOSPI,16865900000000,화학,화장품,화장품,기타 화학제품 제조업,기타 화학제품 제조업
003670,포스코퓨처엠,KOSPI,16401700000000,전기·전자,,전기·전자,증권,일차전지 및 축전지 제조업
010950,S-Oil,KOSPI,16302000000000,화학,,화학,화학,화학
035720,카카오,KOSPI,16213100000000,IT 서비스,,IT 서비스,KOGI(지배구조지수),"자료처리, 호스팅, 포털 및 기타 인터넷 정보매개서비스업"
024110,기업은행,KOSPI,16187700000000,은행,,은행,금융업,은행
079550,LIG넥스원,KOSPI,16082000000000,금속,,금속,무기 및 총포탄 제조업,무기 및 총포탄 제조업
086280,현대글로비스,KOSPI,15262500000000,운송·창고,,운송·창고,운수창고,운수창고
064350,현대로템,KOSPI,15203500000000,운송장비·부품,,운송장비·부품,그외 기타 운송장비 제조업,그외 기타 운송장비 제조업
272210,한화시스템,KOSPI,14395700000000,전기·전자,,전기·전자,전자부품 제조업,전자부품 제조업
000720,현대건설,KOSPI,14153300000000,건설,,건설,건설업,건설업
011070,LG이노텍,KOSPI,14058300000000,전기·전자,,전기·전자,"전기,전자","전기,전자"
030200,KT,KOSPI,13634400000000,통신,,통신,통신업,통신업
047810,한국항공우주,KOSPI,13256600000000,운송장비·부품,,운송장비·부품,"항공기,우주선 및 부품 제조업","항공기,우주선 및 부품 제조업"
086520,에코프로,KOSDAQ,12247000000000,금융,,금융,제조,화학
078930,GS,KOSPI,12030000000000,기타금융,,기타금융,서비스업,서비스업
005830,DB손해보험,KOSPI,11908000000000,보험,,보험,금융업,보험
247540,에코프로비엠,KOSDAQ,11475500000000,전기·전자,,전기·전자,일차전지 및 축전지 제조업,일차전지 및 축전지 제조업
307950,현대오토에버,KOSPI,11339800000000,IT 서비스,,IT 서비스,소프트웨어 개발 및 공급업,소프트웨어 개발 및 공급업
003230,삼양식품,KOSPI,11269400000000,음식료·담배,,음식료·담배,음식료품,음식료품
003490,대한항공,KOSPI,10531100000000,운송·창고,,운송·창고,운수창고,운수창고
071050,한국금융지주,KOSPI,10521100000000,기타금융,,기타금융,금융업,금융업
323410,카카오뱅크,KOSPI,10258100000000,은행,,은행,은행 및 저축기관,은행 및 저축기관
259960,크래프톤,KOSPI,10064500000000,IT 서비스,,IT 서비스,소프트웨어 개발 및 공급업,소프트웨어 개발 및 공급업
006260,LS,KOSPI,9968400000000,기타금융,,기타금융,서비스업,서비스업
443060,HD현대마린솔루션,KOSPI,9796100000000,일반서비스,,일반서비스,"건축기술, 엔지니어링 및 관련기술 서비스업","건축기술, 엔지니어링 및 관련기술 서비스업"
005940,NH투자증권,KOSPI,9710100000000,증권,,증권,금융업,증권
028050,삼성E&A,KOSPI,9525600000000,일반서비스,,일반서비스,서비스업,서비스업
0126Z0,삼성에피스홀딩스,KOSPI,9306300000000,기타금융,,기타금융,기타 금융업,기타 금융업
047050,포스코인터내셔널,KOSPI,9148000000000,유통,,유통,유통업,유통업
277810,레인보우로보틱스,KOSDAQ,8875400000000,기계·장비,,기계·장비,특수 목적용 기계 제조업,특수 목적용 기계 제조업
090430,아모레퍼시픽,KOSPI,8481500000000,화학,,화학,화학,화학
180640,한진칼,KOSPI,8392000000000,기타금융,,기타금융,기타 금융업,기타 금융업
036930,주성엔지니어링,KOSDAQ,8231800000000,기계·장비,,기계·장비,IT H/W,반도체
007660,이수페타시스,KOSPI,8229200000000,전기·전자,,전기·전자,"전기,전자","전기,전자"
161390,한국타이어앤테크놀로지,KOSPI,8101400000000,화학,,화학,고무제품 제조업,고무제품 제조업
047040,대우건설,KOSPI,7983900000000,건설,,건설,건설업,건설업
016360,삼성증권,KOSPI,7809300000000,증권,,증권,금융업,증권
352820,하이브,KOSPI,7664400000000,오락·문화,,오락·문화,오디오물 출판 및 원판 녹음업,오디오물 출판 및 원판 녹음업
009830,한화솔루션,KOSPI,7488900000000,화학,,화학,화학,화학
064400,LG씨엔에스,KOSPI,7353600000000,IT 서비스,,IT 서비스,"컴퓨터 프로그래밍, 시스템 통합 및 관리업","컴퓨터 프로그래밍, 시스템 통합 및 관리업"
039490,키움증권,KOSPI,7225900000000,증권,,증권,금융지원 서비스업,금융지원 서비스업
000880,한화,KOSPI,7071400000000,화학,,화학,화학,화학
021240,코웨이,KOSPI,6892700000000,일반서비스,,일반서비스,서비스업,서비스업
326030,SK바이오팜,KOSPI,6805400000000,일반서비스,,일반서비스,자연과학 및 공학 연구개발업,자연과학 및 공학 연구개발업
005387,현대차2우B,KOSPI,6730600000000,운송장비·부품,,운송장비·부품,운수장비,운수장비
267270,HD건설기계,KOSPI,6546100000000,기계·장비,,기계·장비,특수 목적용 기계 제조업,특수 목적용 기계 제조업
128940,한미약품,KOSPI,6431100000000,제약,,제약,의약품 제조업,의약품 제조업
377300,카카오페이,KOSPI,6337500000000,기타금융,,기타금융,기타 금융업,기타 금융업
032640,LG유플러스,KOSPI,6277300000000,통신,,통신,통신업,통신업
062040,산일전기,KOSPI,6110200000000,전기·전자,,전기·전자,"전동기, 발전기 및 전기 변환 · 공급 · 제어 장치 제조업","전동기, 발전기 및 전기 변환 · 공급 · 제어 장치 제조업"
000500,가온전선,KOSPI,6074600000000,전기·전자,,전기·전자,"전기,전자","전기,전자"
000100,유한양행,KOSPI,6029100000000,제약,,제약,의약품,의약품
241560,두산밥캣,KOSPI,5943100000000,기계·장비,,기계·장비,특수 목적용 기계 제조업,특수 목적용 기계 제조업
001440,대한전선,KOSPI,5840600000000,전기·전자,,전기·전자,"전기,전자","전기,전자"
353200,대덕전자,KOSPI,5510000000000,전기·전자,,전기·전자,전자부품 제조업,전자부품 제조업
240810,원익IPS,KOSDAQ,5394300000000,기계·장비,,기계·장비,특수 목적용 기계 제조업,특수 목적용 기계 제조업
029780,삼성카드,KOSPI,5306300000000,기타금융,,기타금융,금융업,금융업
066970,엘앤에프,KOSPI,5293100000000,전기·전자,,전기·전자,일차전지 및 축전지 제조업,일차전지 및 축전지 제조업
175330,JB금융지주,KOSPI,5194600000000,기타금융,,기타금융,기타 금융업,기타 금융업
010060,OCI홀딩스,KOSPI,5125000000000,기타금융,,기타금융,화학,화학
058470,리노공업,KOSDAQ,5113800000000,전기·전자,,전기·전자,IT H/W,IT부품
222800,심텍,KOSDAQ,5088500000000,전기·전자,,전기·전자,전자부품 제조업,전자부품 제조업
271560,오리온,KOSPI,4968800000000,음식료·담배,,음식료·담배,동물용 사료 및 조제식품 제조업,동물용 사료 및 조제식품 제조업
039030,이오테크닉스,KOSDAQ,4903200000000,기계·장비,,기계·장비,IT H/W,반도체
036570,엔씨소프트,KOSPI,4825900000000,IT 서비스,,IT 서비스,서비스업,서비스업
088350,한화생명,KOSPI,4750900000000,보험,,보험,보험업,보험업
052690,한전기술,KOSPI,4735500000000,일반서비스,,일반서비스,"건축기술, 엔지니어링 및 관련기술 서비스업","건축기술, 엔지니어링 및 관련기술 서비스업"
034220,LG디스플레이,KOSPI,4735000000000,전기·전자,,전기·전자,"전기,전자","전기,전자"
088980,맥쿼리인프라,KOSPI,4703000000000,기타금융,,기타금융,금융업,금융업
454910,두산로보틱스,KOSPI,4634600000000,기계·장비,,기계·장비,특수 목적용 기계 제조업,특수 목적용 기계 제조업
214450,파마리서치,KOSDAQ,4628600000000,제약,,제약,의료용품 및 기타 의약관련제품 제조업,의료용품 및 기타 의약관련제품 제조업
028300,HLB,KOSDAQ,4615300000000,제약,,제약,사업서비스,연구·개발
138930,BNK금융지주,KOSPI,4595900000000,기타금융,,기타금융,기타 금융업,기타 금융업
051900,LG생활건강,KOSPI,4500100000000,화학,,화학,화학,화학
011790,SKC,KOSPI,4463800000000,화학,,화학,화학,화학
298380,에이비엘바이오,KOSDAQ,4423000000000,제약,,제약,기초 의약물질 및 생물학적 제제 제조업,기초 의약물질 및 생물학적 제제 제조업
087010,펩트론,KOSDAQ,4330000000000,제약,,제약,기초 의약물질 및 생물학적 제제 제조업,기초 의약물질 및 생물학적 제제 제조업
403870,HPSP,KOSDAQ,4263100000000,기계·장비,,기계·장비,특수 목적용 기계 제조업,특수 목적용 기계 제조업
001450,현대해상,KOSPI,4253900000000,보험,,보험,금융업,보험
004020,현대제철,KOSPI,4130100000000,금속,,금속,철강및금속,철강및금속
082740,한화엔진,KOSPI,4101400000000,기계·장비,,기계·장비,일반 목적용 기계 제조업,일반 목적용 기계 제조업
000990,DB하이텍,KOSPI,4059000000000,전기·전자,,전기·전자,화학,화학
000250,삼천당제약,KOSDAQ,3999500000000,제약,,제약,제조,제약
002380,KCC,KOSPI,3965600000000,화학,,화학,화학,화학
004170,신세계,KOSPI,3853600000000,유통,,유통,유통업,유통업
319660,피에스케이,KOSDAQ,3780200000000,기계·장비,,기계·장비,특수 목적용 기계 제조업,특수 목적용 기계 제조업
001040,CJ,KOSPI,3737600000000,기타금융,,기타금융,서비스업,서비스업
141080,리가켐바이오,KOSDAQ,3731600000000,일반서비스,,일반서비스,자연과학 및 공학 연구개발업,자연과학 및 공학 연구개발업
108490,로보티즈,KOSDAQ,3599300000000,기계·장비,,기계·장비,특수 목적용 기계 제조업,특수 목적용 기계 제조업
161890,한국콜마,KOSPI,3578500000000,화학,화장품,화장품,기타 화학제품 제조업,기타 화학제품 제조업
095340,ISC,KOSDAQ,3571700000000,유통,,유통,IT H/W,반도체
018880,한온시스템,KOSPI,3547800000000,기계·장비,,기계·장비,기계,기계
103590,일진전기,KOSPI,3504900000000,전기·전자,,전기·전자,"전기,전자","전기,전자"
009420,한올바이오파마,KOSPI,3374700000000,제약,,제약,의약품,의약품
036460,한국가스공사,KOSPI,3369400000000,전기·가스,,전기·가스,전기가스업,전기가스업
257720,실리콘투,KOSDAQ,3337800000000,유통,,유통,상품 종합 도매업,상품 종합 도매업
192820,코스맥스,KOSPI,3263000000000,화학,화장품,화장품,기타 화학제품 제조업,기타 화학제품 제조업
111770,영원무역,KOSPI,3243600000000,유통,,유통,상품 종합 도매업,상품 종합 도매업
022100,포스코DX,KOSPI,3192700000000,일반서비스,,일반서비스,KOGI(지배구조지수),"건축기술, 엔지니어링 및 관련기술 서비스업"
440110,파두,KOSDAQ,3167000000000,전기·전자,,전기·전자,반도체 제조업,반도체 제조업
006360,GS건설,KOSPI,3115200000000,건설,,건설,건설업,건설업
145020,휴젤,KOSDAQ,3110000000000,제약,,제약,기초 의약물질 및 생물학적 제제 제조업,기초 의약물질 및 생물학적 제제 제조업
035250,강원랜드,KOSPI,3104300000000,오락·문화,,오락·문화,서비스업,서비스업
310210,보로노이,KOSDAQ,3099000000000,일반서비스,,일반서비스,자연과학 및 공학 연구개발업,자연과학 및 공학 연구개발업
084370,유진테크,KOSDAQ,3086800000000,기계·장비,,기계·장비,IT H/W,반도체
011780,금호석유화학,KOSPI,3074200000000,화학,,화학,화학,화학
028670,팬오션,KOSPI,3068400000000,운송·창고,,운송·창고,운수창고,운수창고
012750,에스원,KOSPI,3064600000000,일반서비스,,일반서비스,서비스업,서비스업
302440,SK바이오사이언스,KOSPI,3024500000000,제약,,제약,기초 의약물질 및 생물학적 제제 제조업,기초 의약물질 및 생물학적 제제 제조업
251270,넷마블,KOSPI,3002000000000,IT 서비스,,IT 서비스,소프트웨어 개발 및 공급업,소프트웨어 개발 및 공급업
336260,두산퓨얼셀,KOSPI,2930800000000,전기·전자,,전기·전자,"전동기, 발전기 및 전기 변환 · 공급 · 제어 장치 제조업","전동기, 발전기 및 전기 변환 · 공급 · 제어 장치 제조업"
017800,현대엘리베이터,KOSPI,2916300000000,기계·장비,,기계·장비,기계,기계
008930,한미사이언스,KOSPI,2882700000000,기타금융,,기타금융,의약품,의약품
023530,롯데쇼핑,KOSPI,2874100000000,유통,,유통,유통업,유통업
004800,효성,KOSPI,2829100000000,기타금융,,기타금융,화학,화학
095610,테스,KOSDAQ,2826600000000,기계·장비,,기계·장비,IT H/W,반도체
214370,케어젠,KOSDAQ,2825400000000,제약,,제약,기초 의약물질 및 생물학적 제제 제조업,기초 의약물질 및 생물학적 제제 제조업
483650,달바글로벌,KOSPI,2824600000000,화학,,화학,기타 화학제품 제조업,기타 화학제품 제조업
097950,CJ제일제당,KOSPI,2810600000000,음식료·담배,,음식료·담배,음식료품,음식료품
375500,DL이앤씨,KOSPI,2801400000000,건설,,건설,토목 건설업,토목 건설업
139130,iM금융지주,KOSPI,2771400000000,기타금융,,기타금융,기타 금융업,기타 금융업
450080,에코프로머티,KOSPI,2694500000000,전기·전자,,전기·전자,일차전지 및 축전지 제조업,일차전지 및 축전지 제조업
007340,DN오토모티브,KOSPI,2676900000000,전기·전자,,전기·전자,화학,화학
064760,티씨케이,KOSDAQ,2660700000000,비금속,,비금속,IT H/W,반도체
319400,현대무벡스,KOSDAQ,2656300000000,기계·장비,,기계·장비,일반 목적용 기계 제조업,일반 목적용 기계 제조업
031980,피에스케이홀딩스,KOSDAQ,2652200000000,기계·장비,,기계·장비,IT H/W,반도체
080220,제주반도체,KOSDAQ,2638300000000,전기·전자,,전기·전자,IT H/W,반도체
131290,티에스이,KOSDAQ,2632600000000,의료·정밀기기,,의료·정밀기기,"측정, 시험, 항해, 제어 및 기타 정밀기기 제조업; 광학기기제외","측정, 시험, 항해, 제어 및 기타 정밀기기 제조업; 광학기기제외"
004370,농심,KOSPI,2615500000000,음식료·담배,,음식료·담배,음식료품,음식료품
026960,동서,KOSPI,2567300000000,유통,,유통,제조업,음·식료품 및 담배 도매업
178320,서진시스템,KOSDAQ,2561900000000,전기·전자,,전기·전자,기타 전기장비 제조업,기타 전기장비 제조업
347850,디앤디파마텍,KOSDAQ,2553200000000,일반서비스,,일반서비스,자연과학 및 공학 연구개발업,자연과학 및 공학 연구개발업
489790,한화비전,KOSPI,2544600000000,전기·전자,,전기·전자,통신 및 방송 장비 제조업,통신 및 방송 장비 제조업
003690,코리안리,KOSPI,2525300000000,보험,,보험,금융업,보험
067310,하나마이크론,KOSDAQ,2520000000000,전기·전자,,전기·전자,IT H/W,반도체
001720,신영증권,KOSPI,2515300000000,증권,,증권,금융업,증권
011170,롯데케미칼,KOSPI,2442500000000,화학,,화학,화학,화학
005850,에스엘,KOSPI,2433900000000,운송장비·부품,,운송장비·부품,운수장비,운수장비
282330,BGF리테일,KOSPI,2426700000000,유통,,유통,종합 소매업,종합 소매업
383220,F&F,KOSPI,2398000000000,섬유·의류,,섬유·의류,봉제의복 제조업,봉제의복 제조업
004990,롯데지주,KOSPI,2367000000000,기타금융,,기타금융,음식료품,음식료품
181710,NHN,KOSPI,2358200000000,IT 서비스,,IT 서비스,소프트웨어 개발 및 공급업,소프트웨어 개발 및 공급업
204320,HL만도,KOSPI,2336100000000,운송장비·부품,,운송장비·부품,자동차 부품 제조업,자동차 부품 제조업
237690,에스티팜,KOSDAQ,2300600000000,제약,,제약,의약품 제조업,의약품 제조업
103140,풍산,KOSPI,2298000000000,금속,,금속,철강및금속,철강및금속
000240,한국앤컴퍼니,KOSPI,2287900000000,기타금융,,기타금융,화학,화학
279570,케이뱅크,KOSPI,2275900000000,은행,,은행,은행 및 저축기관,은행 및 저축기관
032820,우리기술,KOSDAQ,2237600000000,전기·전자,,전기·전자,제조,일반전기전자
226950,올릭스,KOSDAQ,2215800000000,일반서비스,,일반서비스,자연과학 및 공학 연구개발업,자연과학 및 공학 연구개발업
010170,대한광통신,KOSDAQ,2200100000000,전기·전자,,전기·전자,IT H/W,통신장비
005440,현대지에프홀딩스,KOSPI,2198900000000,기타금융,,기타금융,유통업,유통업
030000,제일기획,KOSPI,2183500000000,일반서비스,,일반서비스,서비스업,서비스업
014680,한솔케미칼,KOSPI,2180400000000,화학,,화학,화학,화학
005290,동진쎄미켐,KOSDAQ,2163700000000,화학,,화학,IT H/W,반도체
009970,영원무역홀딩스,KOSPI,2156800000000,기타금융,,기타금융,유통업,유통업
081660,미스토홀딩스,KOSPI,2155500000000,유통,,유통,가정용품 도매업,가정용품 도매업
007070,GS리테일,KOSPI,2148700000000,유통,,유통,KOSPI 50,보험
214150,클래시스,KOSDAQ,2129900000000,의료·정밀기기,,의료·정밀기기,의료용 기기 제조업,의료용 기기 제조업
018670,SK가스,KOSPI,2118000000000,유통,,유통,유통업,유통업
051600,한전KPS,KOSPI,2101500000000,건설,,건설,건설업,건설업
112610,씨에스윈드,KOSPI,2098000000000,금속,,금속,"구조용 금속제품, 탱크 및 증기발생기 제조업","구조용 금속제품, 탱크 및 증기발생기 제조업"
058610,에스피지,KOSDAQ,2049200000000,전기·전자,,전기·전자,IT H/W,IT부품
140410,메지온,KOSDAQ,2048600000000,일반서비스,,일반서비스,자연과학 및 공학 연구개발업,자연과학 및 공학 연구개발업
139480,이마트,KOSPI,2031100000000,유통,,유통,종합 소매업,종합 소매업
002790,아모레퍼시픽홀딩스,KOSPI,2026100000000,화학,,화학,서비스업,서비스업
073240,금호타이어,KOSPI,2019400000000,화학,,화학,화학,화학
069960,현대백화점,KOSPI,2012000000000,유통,,유통,유통업,유통업
457190,이수스페셜티케미컬,KOSPI,1994400000000,화학,,화학,기초화학물질 제조업,기초화학물질 제조업
263750,펄어비스,KOSDAQ,1989000000000,IT 서비스,,IT 서비스,소프트웨어 개발 및 공급업,소프트웨어 개발 및 공급업
098460,고영,KOSDAQ,1974500000000,기계·장비,,기계·장비,제조,기계·장비
083650,비에이치아이,KOSDAQ,1958800000000,기계·장비,,기계·장비,제조,기계·장비
475150,SK이터닉스,KOSPI,1928200000000,건설,,건설,건물 건설업,건물 건설업
462870,시프트업,KOSPI,1909100000000,IT 서비스,,IT 서비스,소프트웨어 개발 및 공급업,소프트웨어 개발 및 공급업
140860,파크시스템스,KOSDAQ,1887200000000,의료·정밀기기,,의료·정밀기기,"측정, 시험, 항해, 제어 및 기타 정밀기기 제조업; 광학기기제외","측정, 시험, 항해, 제어 및 기타 정밀기기 제조업; 광학기기제외"
439260,대한조선,KOSPI,1877800000000,운송장비·부품,,운송장비·부품,선박 및 보트 건조업,선박 및 보트 건조업
071970,HD현대마린엔진,KOSPI,1869100000000,기계·장비,,기계·장비,일반 목적용 기계 제조업,일반 목적용 기계 제조업
068760,셀트리온제약,KOSDAQ,1856000000000,제약,,제약,IT S/W & SVC,컴퓨터서비스
020150,롯데에너지머티리얼즈,KOSPI,1817100000000,전기·전자,,전기·전자,전자부품 제조업,전자부품 제조업
089030,테크윙,KOSDAQ,1813800000000,기계·장비,,기계·장비,특수 목적용 기계 제조업,특수 목적용 기계 제조업
060370,LS마린솔루션,KOSDAQ,1755200000000,건설,,건설,건설,전문건설
089860,롯데렌탈,KOSPI,1712000000000,일반서비스,,일반서비스,,
007390,네이처셀,KOSDAQ,1707500000000,제약,,제약,제조,금속
096530,씨젠,KOSDAQ,1700000000000,제약,,제약,의료용품 및 기타 의약관련제품 제조업,의료용품 및 기타 의약관련제품 제조업
041510,에스엠,KOSDAQ,1691900000000,오락·문화,,오락·문화,제조,출판·매체복제
000120,CJ대한통운,KOSPI,1672100000000,운송·창고,,운송·창고,운수창고,운수창고
0009K0,에임드바이오,KOSDAQ,1668500000000,일반서비스,,일반서비스,자연과학 및 공학 연구개발업,자연과학 및 공학 연구개발업
023590,다우기술,KOSPI,1655700000000,IT 서비스,,IT 서비스,서비스업,서비스업
008770,호텔신라,KOSPI,1644500000000,유통,,유통,유통업,유통업
395400,SK리츠,KOSPI,1637500000000,부동산,,부동산,부동산 임대 및 공급업,부동산 임대 및 공급업
950160,코오롱티슈진,KOSDAQ,1628000000000,제약,,제약,기초 의약물질 및 생물학적 제제 제조업,기초 의약물질 및 생물학적 제제 제조업
006040,동원산업,KOSPI,1626600000000,기타금융,,기타금융,기타 금융업,기타 금융업
011210,현대위아,KOSPI,1604500000000,운송장비·부품,,운송장비·부품,서비스업,은행
131970,두산테스나,KOSDAQ,1602200000000,일반서비스,,일반서비스,"그외 기타 전문, 과학 및 기술 서비스업","그외 기타 전문, 과학 및 기술 서비스업"
120110,코오롱인더,KOSPI,1602100000000,화학,,화학,화학섬유 제조업,화학섬유 제조업
089970,브이엠,KOSDAQ,1571700000000,기계·장비,,기계·장비,특수 목적용 기계 제조업,특수 목적용 기계 제조업
020560,아시아나항공,KOSPI,1571700000000,운송·창고,,운송·창고,운수창고,운수창고
322000,HD현대에너지솔루션,KOSPI,1565800000000,전기·전자,,전기·전자,반도체 제조업,반도체 제조업
241710,코스메카코리아,KOSDAQ,1565700000000,화학,,화학,기타 화학제품 제조업,기타 화학제품 제조업
097230,HJ중공업,KOSPI,1551300000000,건설,,건설,운수장비,운수장비
001800,오리온홀딩스,KOSPI,1519000000000,기타금융,,기타금융,음식료품,음식료품
001430,세아베스틸지주,KOSPI,1517000000000,금속,,금속,철강및금속,철강및금속
294870,HDC현대산업개발,KOSPI,1512600000000,건설,,건설,건물 건설업,건물 건설업
030530,원익홀딩스,KOSDAQ,1510000000000,화학,,화학,IT H/W,반도체
323280,태성,KOSDAQ,1507000000000,기계·장비,,기계·장비,특수 목적용 기계 제조업,특수 목적용 기계 제조업
007810,코리아써키트,KOSPI,1479700000000,전기·전자,,전기·전자,"전기,전자","전기,전자"
006280,녹십자,KOSPI,1479500000000,제약,,제약,의약품,의약품
001120,LX인터내셔널,KOSPI,1472900000000,유통,,유통,유통업,유통업
229640,LS에코에너지,KOSPI,1450100000000,기타금융,,기타금융,기타 금융업,기타 금융업
069620,대웅제약,KOSPI,1437900000000,제약,,제약,의약품,의약품
078600,대주전자재료,KOSDAQ,1435400000000,전기·전자,,전기·전자,IT H/W,IT부품
298020,효성티앤씨,KOSPI,1423800000000,화학,,화학,화학섬유 제조업,화학섬유 제조업
475830,오름테라퓨틱,KOSDAQ,1422600000000,제약,,제약,기초 의약물질 및 생물학적 제제 제조업,기초 의약물질 및 생물학적 제제 제조업
035900,JYP Ent.,KOSDAQ,1408900000000,오락·문화,,오락·문화,사업서비스,전문기술
093370,후성,KOSPI,1379300000000,화학,,화학,화학,화학
420770,기가비스,KOSDAQ,1379100000000,기계·장비,,기계·장비,특수 목적용 기계 제조업,특수 목적용 기계 제조업
290650,엘앤씨바이오,KOSDAQ,1367400000000,제약,,제약,의약품 제조업,의약품 제조업
281820,케이씨텍,KOSPI,1352200000000,의료·정밀기기,,의료·정밀기기,"측정, 시험, 항해, 제어 및 기타 정밀기기 제조업; 광학기기제외","측정, 시험, 항해, 제어 및 기타 정밀기기 제조업; 광학기기제외"
012630,HDC,KOSPI,1350200000000,기타금융,,기타금융,건설업,건설업
001740,SK네트웍스,KOSPI,1348000000000,유통,,유통,유통업,유통업
005070,코스모신소재,KOSPI,1338500000000,화학,,화학,화학,화학
039200,오스코텍,KOSDAQ,1335200000000,제약,,제약,제조,제약
082920,비츠로셀,KOSDAQ,1333900000000,전기·전자,,전기·전자,IT H/W,IT부품
007310,오뚜기,KOSPI,1312600000000,음식료·담배,,음식료·담배,음식료품,음식료품
183300,코미코,KOSDAQ,1294400000000,기계·장비,,기계·장비,특수 목적용 기계 제조업,특수 목적용 기계 제조업
082640,동양생명,KOSPI,1287500000000,보험,,보험,보험업,보험업
017960,한국카본,KOSPI,1279000000000,금속,,금속,기계,기계
415640,KB발해인프라,KOSPI,1276900000000,기타금융,,기타금융,투자기관,투자기관
003540,대신증권,KOSPI,1272700000000,증권,,증권,금융업,증권
218410,RFHIC,KOSDAQ,1270300000000,전기·전자,,전기·전자,통신 및 방송 장비 제조업,통신 및 방송 장비 제조업
280360,롯데웰푸드,KOSPI,1261000000000,음식료·담배,,음식료·담배,동물용 사료 및 조제식품 제조업,동물용 사료 및 조제식품 제조업
195940,HK이노엔,KOSDAQ,1218200000000,제약,,제약,의약품 제조업,의약품 제조업
127120,제이에스링크,KOSDAQ,1218100000000,일반서비스,,일반서비스,자연과학 및 공학 연구개발업,자연과학 및 공학 연구개발업
192080,더블유게임즈,KOSPI,1217500000000,IT 서비스,,IT 서비스,소프트웨어 개발 및 공급업,소프트웨어 개발 및 공급업
004000,롯데정밀화학,KOSPI,1208700000000,화학,,화학,화학,화학
204270,제이앤티씨,KOSDAQ,1200400000000,전기·전자,,전기·전자,전자부품 제조업,전자부품 제조업
300720,한일시멘트,KOSPI,1187000000000,비금속,,비금속,"시멘트, 석회, 플라스터 및 그 제품 제조업","시멘트, 석회, 플라스터 및 그 제품 제조업"
347700,스피어,KOSDAQ,1177900000000,IT 서비스,,IT 서비스,소프트웨어 개발 및 공급업,소프트웨어 개발 및 공급업
043260,성호전자,KOSDAQ,1175700000000,전기·전자,,전기·전자,IT H/W,IT부품
003380,하림지주,KOSDAQ,1171600000000,금융,,금융,기타 금융업,기타 금융업
030610,교보증권,KOSPI,1154400000000,증권,,증권,금융업,증권
001820,삼화콘덴서,KOSPI,1140300000000,전기·전자,,전기·전자,"전기,전자","전기,전자"
330590,롯데리츠,KOSPI,1134200000000,부동산,,부동산,부동산 임대 및 공급업,부동산 임대 및 공급업
006340,대원전선,KOSPI,1093100000000,전기·전자,,전기·전자,"전기,전자","전기,전자"
000080,하이트진로,KOSPI,1061100000000,음식료·담배,,음식료·담배,음식료품,음식료품
166090,하나머티리얼즈,KOSDAQ,1060100000000,전기·전자,,전기·전자,반도체 제조업,반도체 제조업
003530,한화투자증권,KOSPI,1044800000000,증권,,증권,금융업,증권
496320,본시스템즈,KONEX,1039300000000,,,,특수 목적용 기계 제조업,특수 목적용 기계 제조업
077970,STX엔진,KOSPI,1031800000000,기계·장비,,기계·장비,기계,기계
437730,삼현,KOSDAQ,1028900000000,운송장비·부품,,운송장비·부품,자동차 부품 제조업,자동차 부품 제조업
003570,SNT다이내믹스,KOSPI,1020900000000,운송장비·부품,,운송장비·부품,운수장비,운수장비
000210,DL,KOSPI,1020600000000,화학,,화학,건설업,건설업
032350,롯데관광개발,KOSPI,1019700000000,일반서비스,,일반서비스,서비스업,서비스업
003090,대웅,KOSPI,1002900000000,제약,,제약,서비스업,서비스업
003240,태광산업,KOSPI,990900000000,화학,,화학,화학,화학
451800,한화리츠,KOSPI,951900000000,부동산,,부동산,부동산 임대 및 공급업,부동산 임대 및 공급업
036540,SFA반도체,KOSDAQ,937400000000,전기·전자,,전기·전자,IT H/W,반도체
491000,리브스메드,KOSDAQ,833400000000,의료·정밀기기,,의료·정밀기기,의료용 기기 제조업,의료용 기기 제조업
